[
  {
    "blockhash": "NAKAMOTO",
    "index": 0,
    "timestamp": "1970-01-01T00:00:00"
  },
  {
    "blockhash": "00bdf4b90363464a567020ef7943e6bde0bce41522e6a3eef47cb251de4a3fe5",
    "index": 2,
    "nonce": "31ae67f4b5b201e0",
    "previous_hash": "NAKAMOTO",
    "timestamp": "2021-12-13T09:51:31.700237",
    "transactions": [
      {
        "sender": "47f7181fea854ac0ab61410971f9a6d5",
        "timestamp": "2021-12-13T09:51:26.486253"
      },
      {
        "sender": "a003aa280c7543959733de3b8dcc8143",
        "timestamp": "2021-12-13T09:51:26.492027"
      },
      {
        "sender": "70a49770efd647ad9b31fe55959e38b1",
        "timestamp": "2021-12-13T09:51:26.672347"
      },
      {
        "sender": "2d6fd5c0e3184262bb7ad0bf3419e25c",
        "timestamp": "2021-12-13T09:51:26.766527"
      },
      {
        "sender": "2d6fd5c0e3184262bb7ad0bf3419e25c",
        "timestamp": "2021-12-13T09:51:26.881109"
      },
      {
        "sender": "a003aa280c7543959733de3b8dcc8143",
        "timestamp": "2021-12-13T09:51:26.981148"
      },
      {
        "sender": "47f7181fea854ac0ab61410971f9a6d5",
        "timestamp": "2021-12-13T09:51:27.075943"
      },
      {
        "sender": "2d6fd5c0e3184262bb7ad0bf3419e25c",
        "timestamp": "2021-12-13T09:51:27.318095"
      },
      {
        "sender": "70a49770efd647ad9b31fe55959e38b1",
        "timestamp": "2021-12-13T09:51:27.415600"
      },
      {
        "sender": "70a49770efd647ad9b31fe55959e38b1",
        "timestamp": "2021-12-13T09:51:27.764061"
      },
      {
        "sender": "2d6fd5c0e3184262bb7ad0bf3419e25c",
        "timestamp": "2021-12-13T09:51:28.434446"
      },
      {
        "sender": "47f7181fea854ac0ab61410971f9a6d5",
        "timestamp": "2021-12-13T09:51:28.870534"
      },
      {
        "sender": "2d6fd5c0e3184262bb7ad0bf3419e25c",
        "timestamp": "2021-12-13T09:51:28.909858"
      },
      {
        "sender": "2d6fd5c0e3184262bb7ad0bf3419e25c",
        "timestamp": "2021-12-13T09:51:29.111446"
      },
      {
        "sender": "47f7181fea854ac0ab61410971f9a6d5",
        "timestamp": "2021-12-13T09:51:29.170913"
      },
      {
        "sender": "2d6fd5c0e3184262bb7ad0bf3419e25c",
        "timestamp": "2021-12-13T09:51:29.560739"
      },
      {
        "sender": "70a49770efd647ad9b31fe55959e38b1",
        "timestamp": "2021-12-13T09:51:29.754446"
      },
      {
        "sender": "70a49770efd647ad9b31fe55959e38b1",
        "timestamp": "2021-12-13T09:51:29.895701"
      },
      {
        "sender": "2d6fd5c0e3184262bb7ad0bf3419e25c",
        "timestamp": "2021-12-13T09:51:30.194026"
      },
      {
        "sender": "2d6fd5c0e3184262bb7ad0bf3419e25c",
        "timestamp": "2021-12-13T09:51:30.516138"
      },
      {
        "sender": "2d6fd5c0e3184262bb7ad0bf3419e25c",
        "timestamp": "2021-12-13T09:51:30.638369"
      },
      {
        "sender": "70a49770efd647ad9b31fe55959e38b1",
        "timestamp": "2021-12-13T09:51:30.772907"
      },
      {
        "sender": "47f7181fea854ac0ab61410971f9a6d5",
        "timestamp": "2021-12-13T09:51:31.173068"
      },
      {
        "sender": "70a49770efd647ad9b31fe55959e38b1",
        "timestamp": "2021-12-13T09:51:31.242462"
      },
      {
        "sender": "70a49770efd647ad9b31fe55959e38b1",
        "timestamp": "2021-12-13T09:51:31.468473"
      },
      {
        "sender": "47f7181fea854ac0ab61410971f9a6d5",
        "timestamp": "2021-12-13T09:51:31.584472"
      },
      {
        "sender": "47f7181fea854ac0ab61410971f9a6d5",
        "timestamp": "2021-12-13T09:51:31.694826"
      },
      {
        "sender": "47f7181fea854ac0ab61410971f9a6d5",
        "timestamp": "2021-12-13T09:51:31.700237"
      }
    ]
  },
  {
    "blockhash": "00e6026979fe0067e4a886293a81b6823bc5d8c08dcb8b07009440fb15281966",
    "index": 3,
    "nonce": "99f0bbc206e2993c",
    "previous_hash": "00bdf4b90363464a567020ef7943e6bde0bce41522e6a3eef47cb251de4a3fe5",
    "timestamp": "2021-12-13T09:51:35.673628",
    "transactions": [
      {
        "sender": "2d6fd5c0e3184262bb7ad0bf3419e25c",
        "timestamp": "2021-12-13T09:51:26.474337"
      },
      {
        "sender": "70a49770efd647ad9b31fe55959e38b1",
        "timestamp": "2021-12-13T09:51:26.481227"
      },
      {
        "sender": "a003aa280c7543959733de3b8dcc8143",
        "timestamp": "2021-12-13T09:51:32.098445"
      },
      {
        "sender": "47f7181fea854ac0ab61410971f9a6d5",
        "timestamp": "2021-12-13T09:51:32.413306"
      },
      {
        "sender": "2d6fd5c0e3184262bb7ad0bf3419e25c",
        "timestamp": "2021-12-13T09:51:32.608539"
      },
      {
        "sender": "a003aa280c7543959733de3b8dcc8143",
        "timestamp": "2021-12-13T09:51:32.813256"
      },
      {
        "sender": "2d6fd5c0e3184262bb7ad0bf3419e25c",
        "timestamp": "2021-12-13T09:51:33.442471"
      },
      {
        "sender": "a003aa280c7543959733de3b8dcc8143",
        "timestamp": "2021-12-13T09:51:33.581575"
      },
      {
        "sender": "70a49770efd647ad9b31fe55959e38b1",
        "timestamp": "2021-12-13T09:51:33.602447"
      },
      {
        "sender": "70a49770efd647ad9b31fe55959e38b1",
        "timestamp": "2021-12-13T09:51:33.939220"
      },
      {
        "sender": "70a49770efd647ad9b31fe55959e38b1",
        "timestamp": "2021-12-13T09:51:34.144678"
      },
      {
        "sender": "70a49770efd647ad9b31fe55959e38b1",
        "timestamp": "2021-12-13T09:51:34.366673"
      },
      {
        "sender": "a003aa280c7543959733de3b8dcc8143",
        "timestamp": "2021-12-13T09:51:34.416632"
      },
      {
        "sender": "2d6fd5c0e3184262bb7ad0bf3419e25c",
        "timestamp": "2021-12-13T09:51:35.131029"
      },
      {
        "sender": "a003aa280c7543959733de3b8dcc8143",
        "timestamp": "2021-12-13T09:51:35.136609"
      },
      {
        "sender": "70a49770efd647ad9b31fe55959e38b1",
        "timestamp": "2021-12-13T09:51:35.335594"
      },
      {
        "sender": "2d6fd5c0e3184262bb7ad0bf3419e25c",
        "timestamp": "2021-12-13T09:51:35.520328"
      },
      {
        "sender": "a003aa280c7543959733de3b8dcc8143",
        "timestamp": "2021-12-13T09:51:35.528565"
      },
      {
        "sender": "a003aa280c7543959733de3b8dcc8143",
        "timestamp": "2021-12-13T09:51:35.662920"
      },
      {
        "sender": "2d6fd5c0e3184262bb7ad0bf3419e25c",
        "timestamp": "2021-12-13T09:51:35.673628"
      }
    ]
  },
  {
    "blockhash": "00d72384be577f44b78d579e9dc45c61575f922636d28b8041e53dfbbed020d5",
    "index": 4,
    "nonce": "d277c6b51d53cd60",
    "previous_hash": "00e6026979fe0067e4a886293a81b6823bc5d8c08dcb8b07009440fb15281966",
    "timestamp": "2021-12-13T09:52:29.577093",
    "transactions": [
      {
        "sender": "70a49770efd647ad9b31fe55959e38b1",
        "timestamp": "2021-12-13T09:51:35.674385"
      },
      {
        "sender": "2d6fd5c0e3184262bb7ad0bf3419e25c",
        "timestamp": "2021-12-13T09:51:35.919585"
      },
      {
        "sender": "70a49770efd647ad9b31fe55959e38b1",
        "timestamp": "2021-12-13T09:51:36.376372"
      },
      {
        "sender": "47f7181fea854ac0ab61410971f9a6d5",
        "timestamp": "2021-12-13T09:51:36.539166"
      },
      {
        "sender": "2d6fd5c0e3184262bb7ad0bf3419e25c",
        "timestamp": "2021-12-13T09:51:37.252407"
      },
      {
        "sender": "a003aa280c7543959733de3b8dcc8143",
        "timestamp": "2021-12-13T09:51:37.292549"
      },
      {
        "sender": "2d6fd5c0e3184262bb7ad0bf3419e25c",
        "timestamp": "2021-12-13T09:51:37.586996"
      },
      {
        "sender": "70a49770efd647ad9b31fe55959e38b1",
        "timestamp": "2021-12-13T09:51:37.706928"
      },
      {
        "sender": "a003aa280c7543959733de3b8dcc8143",
        "timestamp": "2021-12-13T09:51:37.701488"
      },
      {
        "sender": "47f7181fea854ac0ab61410971f9a6d5",
        "timestamp": "2021-12-13T09:51:38.406497"
      },
      {
        "sender": "a003aa280c7543959733de3b8dcc8143",
        "timestamp": "2021-12-13T09:51:38.831699"
      },
      {
        "sender": "70a49770efd647ad9b31fe55959e38b1",
        "timestamp": "2021-12-13T09:51:38.924660"
      },
      {
        "sender": "47f7181fea854ac0ab61410971f9a6d5",
        "timestamp": "2021-12-13T09:51:39.249701"
      },
      {
        "sender": "70a49770efd647ad9b31fe55959e38b1",
        "timestamp": "2021-12-13T09:51:39.586444"
      },
      {
        "sender": "2d6fd5c0e3184262bb7ad0bf3419e25c",
        "timestamp": "2021-12-13T09:51:39.838491"
      },
      {
        "sender": "a003aa280c7543959733de3b8dcc8143",
        "timestamp": "2021-12-13T09:51:40.316619"
      },
      {
        "sender": "70a49770efd647ad9b31fe55959e38b1",
        "timestamp": "2021-12-13T09:51:40.399687"
      },
      {
        "sender": "2d6fd5c0e3184262bb7ad0bf3419e25c",
        "timestamp": "2021-12-13T09:51:40.427877"
      },
      {
        "sender": "a003aa280c7543959733de3b8dcc8143",
        "timestamp": "2021-12-13T09:51:40.842715"
      },
      {
        "sender": "a003aa280c7543959733de3b8dcc8143",
        "timestamp": "2021-12-13T09:51:40.976739"
      },
      {
        "sender": "47f7181fea854ac0ab61410971f9a6d5",
        "timestamp": "2021-12-13T09:51:40.977931"
      },
      {
        "sender": "47f7181fea854ac0ab61410971f9a6d5",
        "timestamp": "2021-12-13T09:51:41.548962"
      },
      {
        "sender": "70a49770efd647ad9b31fe55959e38b1",
        "timestamp": "2021-12-13T09:51:41.573030"
      },
      {
        "sender": "70a49770efd647ad9b31fe55959e38b1",
        "timestamp": "2021-12-13T09:51:42.155126"
      },
      {
        "sender": "2d6fd5c0e3184262bb7ad0bf3419e25c",
        "timestamp": "2021-12-13T09:51:43.786796"
      },
      {
        "sender": "2d6fd5c0e3184262bb7ad0bf3419e25c",
        "timestamp": "2021-12-13T09:51:44.017238"
      },
      {
        "sender": "47f7181fea854ac0ab61410971f9a6d5",
        "timestamp": "2021-12-13T09:51:44.090443"
      },
      {
        "sender": "2d6fd5c0e3184262bb7ad0bf3419e25c",
        "timestamp": "2021-12-13T09:51:44.188548"
      },
      {
        "sender": "47f7181fea854ac0ab61410971f9a6d5",
        "timestamp": "2021-12-13T09:51:44.773501"
      },
      {
        "sender": "47f7181fea854ac0ab61410971f9a6d5",
        "timestamp": "2021-12-13T09:51:44.794025"
      },
      {
        "sender": "47f7181fea854ac0ab61410971f9a6d5",
        "timestamp": "2021-12-13T09:51:45.051234"
      },
      {
        "sender": "2d6fd5c0e3184262bb7ad0bf3419e25c",
        "timestamp": "2021-12-13T09:51:45.188690"
      },
      {
        "sender": "a003aa280c7543959733de3b8dcc8143",
        "timestamp": "2021-12-13T09:51:45.246444"
      },
      {
        "sender": "70a49770efd647ad9b31fe55959e38b1",
        "timestamp": "2021-12-13T09:51:45.854477"
      },
      {
        "sender": "47f7181fea854ac0ab61410971f9a6d5",
        "timestamp": "2021-12-13T09:51:45.849446"
      },
      {
        "sender": "2d6fd5c0e3184262bb7ad0bf3419e25c",
        "timestamp": "2021-12-13T09:51:46.666469"
      },
      {
        "sender": "2d6fd5c0e3184262bb7ad0bf3419e25c",
        "timestamp": "2021-12-13T09:51:46.758670"
      },
      {
        "sender": "70a49770efd647ad9b31fe55959e38b1",
        "timestamp": "2021-12-13T09:51:46.792904"
      },
      {
        "sender": "2d6fd5c0e3184262bb7ad0bf3419e25c",
        "timestamp": "2021-12-13T09:51:47.027589"
      },
      {
        "sender": "2d6fd5c0e3184262bb7ad0bf3419e25c",
        "timestamp": "2021-12-13T09:51:47.622490"
      },
      {
        "sender": "47f7181fea854ac0ab61410971f9a6d5",
        "timestamp": "2021-12-13T09:51:47.782453"
      },
      {
        "sender": "70a49770efd647ad9b31fe55959e38b1",
        "timestamp": "2021-12-13T09:51:48.723731"
      },
      {
        "sender": "47f7181fea854ac0ab61410971f9a6d5",
        "timestamp": "2021-12-13T09:51:48.956332"
      },
      {
        "sender": "a003aa280c7543959733de3b8dcc8143",
        "timestamp": "2021-12-13T09:51:49.686443"
      },
      {
        "sender": "70a49770efd647ad9b31fe55959e38b1",
        "timestamp": "2021-12-13T09:51:49.850311"
      },
      {
        "sender": "70a49770efd647ad9b31fe55959e38b1",
        "timestamp": "2021-12-13T09:51:50.277961"
      },
      {
        "sender": "a003aa280c7543959733de3b8dcc8143",
        "timestamp": "2021-12-13T09:51:50.581186"
      },
      {
        "sender": "a003aa280c7543959733de3b8dcc8143",
        "timestamp": "2021-12-13T09:51:50.950294"
      },
      {
        "sender": "a003aa280c7543959733de3b8dcc8143",
        "timestamp": "2021-12-13T09:51:50.956383"
      },
      {
        "sender": "a003aa280c7543959733de3b8dcc8143",
        "timestamp": "2021-12-13T09:51:51.942457"
      },
      {
        "sender": "47f7181fea854ac0ab61410971f9a6d5",
        "timestamp": "2021-12-13T09:51:51.973937"
      },
      {
        "sender": "2d6fd5c0e3184262bb7ad0bf3419e25c",
        "timestamp": "2021-12-13T09:51:52.282438"
      },
      {
        "sender": "2d6fd5c0e3184262bb7ad0bf3419e25c",
        "timestamp": "2021-12-13T09:51:52.282997"
      },
      {
        "sender": "47f7181fea854ac0ab61410971f9a6d5",
        "timestamp": "2021-12-13T09:51:52.455139"
      },
      {
        "sender": "47f7181fea854ac0ab61410971f9a6d5",
        "timestamp": "2021-12-13T09:51:52.762086"
      },
      {
        "sender": "47f7181fea854ac0ab61410971f9a6d5",
        "timestamp": "2021-12-13T09:51:52.847631"
      },
      {
        "sender": "2d6fd5c0e3184262bb7ad0bf3419e25c",
        "timestamp": "2021-12-13T09:51:54.022017"
      },
      {
        "sender": "2d6fd5c0e3184262bb7ad0bf3419e25c",
        "timestamp": "2021-12-13T09:51:54.103009"
      },
      {
        "sender": "2d6fd5c0e3184262bb7ad0bf3419e25c",
        "timestamp": "2021-12-13T09:51:54.249150"
      },
      {
        "sender": "2d6fd5c0e3184262bb7ad0bf3419e25c",
        "timestamp": "2021-12-13T09:51:54.873398"
      },
      {
        "sender": "70a49770efd647ad9b31fe55959e38b1",
        "timestamp": "2021-12-13T09:51:55.444033"
      },
      {
        "sender": "2d6fd5c0e3184262bb7ad0bf3419e25c",
        "timestamp": "2021-12-13T09:51:55.924205"
      },
      {
        "sender": "70a49770efd647ad9b31fe55959e38b1",
        "timestamp": "2021-12-13T09:51:56.263626"
      },
      {
        "sender": "2d6fd5c0e3184262bb7ad0bf3419e25c",
        "timestamp": "2021-12-13T09:51:56.299222"
      },
      {
        "sender": "2d6fd5c0e3184262bb7ad0bf3419e25c",
        "timestamp": "2021-12-13T09:51:56.472015"
      },
      {
        "sender": "47f7181fea854ac0ab61410971f9a6d5",
        "timestamp": "2021-12-13T09:51:56.546456"
      },
      {
        "sender": "2d6fd5c0e3184262bb7ad0bf3419e25c",
        "timestamp": "2021-12-13T09:51:56.760242"
      },
      {
        "sender": "47f7181fea854ac0ab61410971f9a6d5",
        "timestamp": "2021-12-13T09:51:56.853888"
      },
      {
        "sender": "2d6fd5c0e3184262bb7ad0bf3419e25c",
        "timestamp": "2021-12-13T09:51:57.010826"
      },
      {
        "sender": "a003aa280c7543959733de3b8dcc8143",
        "timestamp": "2021-12-13T09:51:57.074056"
      },
      {
        "sender": "a003aa280c7543959733de3b8dcc8143",
        "timestamp": "2021-12-13T09:51:57.113386"
      },
      {
        "sender": "a003aa280c7543959733de3b8dcc8143",
        "timestamp": "2021-12-13T09:51:57.243771"
      },
      {
        "sender": "2d6fd5c0e3184262bb7ad0bf3419e25c",
        "timestamp": "2021-12-13T09:51:58.069552"
      },
      {
        "sender": "2d6fd5c0e3184262bb7ad0bf3419e25c",
        "timestamp": "2021-12-13T09:51:58.085390"
      },
      {
        "sender": "47f7181fea854ac0ab61410971f9a6d5",
        "timestamp": "2021-12-13T09:51:58.100824"
      },
      {
        "sender": "a003aa280c7543959733de3b8dcc8143",
        "timestamp": "2021-12-13T09:51:58.910473"
      },
      {
        "sender": "a003aa280c7543959733de3b8dcc8143",
        "timestamp": "2021-12-13T09:51:59.457932"
      },
      {
        "sender": "2d6fd5c0e3184262bb7ad0bf3419e25c",
        "timestamp": "2021-12-13T09:51:59.477857"
      },
      {
        "sender": "47f7181fea854ac0ab61410971f9a6d5",
        "timestamp": "2021-12-13T09:51:59.848919"
      },
      {
        "sender": "2d6fd5c0e3184262bb7ad0bf3419e25c",
        "timestamp": "2021-12-13T09:52:00.333259"
      },
      {
        "sender": "a003aa280c7543959733de3b8dcc8143",
        "timestamp": "2021-12-13T09:52:00.581773"
      },
      {
        "sender": "2d6fd5c0e3184262bb7ad0bf3419e25c",
        "timestamp": "2021-12-13T09:52:00.593875"
      },
      {
        "sender": "47f7181fea854ac0ab61410971f9a6d5",
        "timestamp": "2021-12-13T09:52:00.784661"
      },
      {
        "sender": "47f7181fea854ac0ab61410971f9a6d5",
        "timestamp": "2021-12-13T09:52:02.329807"
      },
      {
        "sender": "a003aa280c7543959733de3b8dcc8143",
        "timestamp": "2021-12-13T09:52:02.354199"
      },
      {
        "sender": "70a49770efd647ad9b31fe55959e38b1",
        "timestamp": "2021-12-13T09:52:02.554500"
      },
      {
        "sender": "70a49770efd647ad9b31fe55959e38b1",
        "timestamp": "2021-12-13T09:52:02.714966"
      },
      {
        "sender": "47f7181fea854ac0ab61410971f9a6d5",
        "timestamp": "2021-12-13T09:52:02.939424"
      },
      {
        "sender": "a003aa280c7543959733de3b8dcc8143",
        "timestamp": "2021-12-13T09:52:03.326859"
      },
      {
        "sender": "47f7181fea854ac0ab61410971f9a6d5",
        "timestamp": "2021-12-13T09:52:03.558107"
      },
      {
        "sender": "2d6fd5c0e3184262bb7ad0bf3419e25c",
        "timestamp": "2021-12-13T09:52:03.828567"
      },
      {
        "sender": "a003aa280c7543959733de3b8dcc8143",
        "timestamp": "2021-12-13T09:52:04.087680"
      },
      {
        "sender": "2d6fd5c0e3184262bb7ad0bf3419e25c",
        "timestamp": "2021-12-13T09:52:04.372517"
      },
      {
        "sender": "2d6fd5c0e3184262bb7ad0bf3419e25c",
        "timestamp": "2021-12-13T09:52:05.536138"
      },
      {
        "sender": "2d6fd5c0e3184262bb7ad0bf3419e25c",
        "timestamp": "2021-12-13T09:52:05.955080"
      },
      {
        "sender": "2d6fd5c0e3184262bb7ad0bf3419e25c",
        "timestamp": "2021-12-13T09:52:06.169270"
      },
      {
        "sender": "2d6fd5c0e3184262bb7ad0bf3419e25c",
        "timestamp": "2021-12-13T09:52:06.588342"
      },
      {
        "sender": "2d6fd5c0e3184262bb7ad0bf3419e25c",
        "timestamp": "2021-12-13T09:52:06.930260"
      },
      {
        "sender": "47f7181fea854ac0ab61410971f9a6d5",
        "timestamp": "2021-12-13T09:52:07.242446"
      },
      {
        "sender": "47f7181fea854ac0ab61410971f9a6d5",
        "timestamp": "2021-12-13T09:52:07.699596"
      },
      {
        "sender": "2d6fd5c0e3184262bb7ad0bf3419e25c",
        "timestamp": "2021-12-13T09:52:07.775617"
      },
      {
        "sender": "47f7181fea854ac0ab61410971f9a6d5",
        "timestamp": "2021-12-13T09:52:07.801874"
      },
      {
        "sender": "70a49770efd647ad9b31fe55959e38b1",
        "timestamp": "2021-12-13T09:52:07.808422"
      },
      {
        "sender": "70a49770efd647ad9b31fe55959e38b1",
        "timestamp": "2021-12-13T09:52:08.122472"
      },
      {
        "sender": "2d6fd5c0e3184262bb7ad0bf3419e25c",
        "timestamp": "2021-12-13T09:52:08.394444"
      },
      {
        "sender": "70a49770efd647ad9b31fe55959e38b1",
        "timestamp": "2021-12-13T09:52:08.662270"
      },
      {
        "sender": "a003aa280c7543959733de3b8dcc8143",
        "timestamp": "2021-12-13T09:52:08.842456"
      },
      {
        "sender": "2d6fd5c0e3184262bb7ad0bf3419e25c",
        "timestamp": "2021-12-13T09:52:09.188481"
      },
      {
        "sender": "a003aa280c7543959733de3b8dcc8143",
        "timestamp": "2021-12-13T09:52:09.239950"
      },
      {
        "sender": "a003aa280c7543959733de3b8dcc8143",
        "timestamp": "2021-12-13T09:52:09.302850"
      },
      {
        "sender": "47f7181fea854ac0ab61410971f9a6d5",
        "timestamp": "2021-12-13T09:52:09.394443"
      },
      {
        "sender": "70a49770efd647ad9b31fe55959e38b1",
        "timestamp": "2021-12-13T09:52:09.522447"
      },
      {
        "sender": "a003aa280c7543959733de3b8dcc8143",
        "timestamp": "2021-12-13T09:52:09.747425"
      },
      {
        "sender": "47f7181fea854ac0ab61410971f9a6d5",
        "timestamp": "2021-12-13T09:52:09.842833"
      },
      {
        "sender": "a003aa280c7543959733de3b8dcc8143",
        "timestamp": "2021-12-13T09:52:09.895749"
      },
      {
        "sender": "a003aa280c7543959733de3b8dcc8143",
        "timestamp": "2021-12-13T09:52:09.944800"
      },
      {
        "sender": "47f7181fea854ac0ab61410971f9a6d5",
        "timestamp": "2021-12-13T09:52:10.569826"
      },
      {
        "sender": "a003aa280c7543959733de3b8dcc8143",
        "timestamp": "2021-12-13T09:52:11.126176"
      },
      {
        "sender": "2d6fd5c0e3184262bb7ad0bf3419e25c",
        "timestamp": "2021-12-13T09:52:11.512462"
      },
      {
        "sender": "47f7181fea854ac0ab61410971f9a6d5",
        "timestamp": "2021-12-13T09:52:11.573477"
      },
      {
        "sender": "70a49770efd647ad9b31fe55959e38b1",
        "timestamp": "2021-12-13T09:52:11.618443"
      },
      {
        "sender": "2d6fd5c0e3184262bb7ad0bf3419e25c",
        "timestamp": "2021-12-13T09:52:11.838091"
      },
      {
        "sender": "a003aa280c7543959733de3b8dcc8143",
        "timestamp": "2021-12-13T09:52:11.876570"
      },
      {
        "sender": "70a49770efd647ad9b31fe55959e38b1",
        "timestamp": "2021-12-13T09:52:11.980248"
      },
      {
        "sender": "2d6fd5c0e3184262bb7ad0bf3419e25c",
        "timestamp": "2021-12-13T09:52:12.295924"
      },
      {
        "sender": "2d6fd5c0e3184262bb7ad0bf3419e25c",
        "timestamp": "2021-12-13T09:52:12.679704"
      },
      {
        "sender": "70a49770efd647ad9b31fe55959e38b1",
        "timestamp": "2021-12-13T09:52:12.940816"
      },
      {
        "sender": "70a49770efd647ad9b31fe55959e38b1",
        "timestamp": "2021-12-13T09:52:13.051981"
      },
      {
        "sender": "2d6fd5c0e3184262bb7ad0bf3419e25c",
        "timestamp": "2021-12-13T09:52:13.300833"
      },
      {
        "sender": "70a49770efd647ad9b31fe55959e38b1",
        "timestamp": "2021-12-13T09:52:13.411986"
      },
      {
        "sender": "47f7181fea854ac0ab61410971f9a6d5",
        "timestamp": "2021-12-13T09:52:13.493026"
      },
      {
        "sender": "2d6fd5c0e3184262bb7ad0bf3419e25c",
        "timestamp": "2021-12-13T09:52:14.084502"
      },
      {
        "sender": "a003aa280c7543959733de3b8dcc8143",
        "timestamp": "2021-12-13T09:52:14.278545"
      },
      {
        "sender": "a003aa280c7543959733de3b8dcc8143",
        "timestamp": "2021-12-13T09:52:14.452987"
      },
      {
        "sender": "a003aa280c7543959733de3b8dcc8143",
        "timestamp": "2021-12-13T09:52:14.559539"
      },
      {
        "sender": "2d6fd5c0e3184262bb7ad0bf3419e25c",
        "timestamp": "2021-12-13T09:52:14.657625"
      },
      {
        "sender": "2d6fd5c0e3184262bb7ad0bf3419e25c",
        "timestamp": "2021-12-13T09:52:15.140278"
      },
      {
        "sender": "47f7181fea854ac0ab61410971f9a6d5",
        "timestamp": "2021-12-13T09:52:15.174025"
      },
      {
        "sender": "a003aa280c7543959733de3b8dcc8143",
        "timestamp": "2021-12-13T09:52:15.273434"
      },
      {
        "sender": "70a49770efd647ad9b31fe55959e38b1",
        "timestamp": "2021-12-13T09:52:15.806442"
      },
      {
        "sender": "70a49770efd647ad9b31fe55959e38b1",
        "timestamp": "2021-12-13T09:52:15.918239"
      },
      {
        "sender": "2d6fd5c0e3184262bb7ad0bf3419e25c",
        "timestamp": "2021-12-13T09:52:16.838537"
      },
      {
        "sender": "47f7181fea854ac0ab61410971f9a6d5",
        "timestamp": "2021-12-13T09:52:16.982036"
      },
      {
        "sender": "2d6fd5c0e3184262bb7ad0bf3419e25c",
        "timestamp": "2021-12-13T09:52:17.252132"
      },
      {
        "sender": "2d6fd5c0e3184262bb7ad0bf3419e25c",
        "timestamp": "2021-12-13T09:52:17.558794"
      },
      {
        "sender": "a003aa280c7543959733de3b8dcc8143",
        "timestamp": "2021-12-13T09:52:17.913837"
      },
      {
        "sender": "70a49770efd647ad9b31fe55959e38b1",
        "timestamp": "2021-12-13T09:52:17.918666"
      },
      {
        "sender": "70a49770efd647ad9b31fe55959e38b1",
        "timestamp": "2021-12-13T09:52:18.436081"
      },
      {
        "sender": "47f7181fea854ac0ab61410971f9a6d5",
        "timestamp": "2021-12-13T09:52:18.842463"
      },
      {
        "sender": "a003aa280c7543959733de3b8dcc8143",
        "timestamp": "2021-12-13T09:52:18.968199"
      },
      {
        "sender": "2d6fd5c0e3184262bb7ad0bf3419e25c",
        "timestamp": "2021-12-13T09:52:19.532777"
      },
      {
        "sender": "a003aa280c7543959733de3b8dcc8143",
        "timestamp": "2021-12-13T09:52:19.942284"
      },
      {
        "sender": "a003aa280c7543959733de3b8dcc8143",
        "timestamp": "2021-12-13T09:52:20.514471"
      },
      {
        "sender": "2d6fd5c0e3184262bb7ad0bf3419e25c",
        "timestamp": "2021-12-13T09:52:20.888458"
      },
      {
        "sender": "a003aa280c7543959733de3b8dcc8143",
        "timestamp": "2021-12-13T09:52:20.935658"
      },
      {
        "sender": "2d6fd5c0e3184262bb7ad0bf3419e25c",
        "timestamp": "2021-12-13T09:52:21.258325"
      },
      {
        "sender": "70a49770efd647ad9b31fe55959e38b1",
        "timestamp": "2021-12-13T09:52:21.273764"
      },
      {
        "sender": "70a49770efd647ad9b31fe55959e38b1",
        "timestamp": "2021-12-13T09:52:21.633212"
      },
      {
        "sender": "47f7181fea854ac0ab61410971f9a6d5",
        "timestamp": "2021-12-13T09:52:21.707894"
      },
      {
        "sender": "a003aa280c7543959733de3b8dcc8143",
        "timestamp": "2021-12-13T09:52:21.798226"
      },
      {
        "sender": "a003aa280c7543959733de3b8dcc8143",
        "timestamp": "2021-12-13T09:52:21.937742"
      },
      {
        "sender": "47f7181fea854ac0ab61410971f9a6d5",
        "timestamp": "2021-12-13T09:52:21.956929"
      },
      {
        "sender": "2d6fd5c0e3184262bb7ad0bf3419e25c",
        "timestamp": "2021-12-13T09:52:21.979414"
      },
      {
        "sender": "a003aa280c7543959733de3b8dcc8143",
        "timestamp": "2021-12-13T09:52:22.013056"
      },
      {
        "sender": "47f7181fea854ac0ab61410971f9a6d5",
        "timestamp": "2021-12-13T09:52:22.554470"
      },
      {
        "sender": "a003aa280c7543959733de3b8dcc8143",
        "timestamp": "2021-12-13T09:52:22.706505"
      },
      {
        "sender": "47f7181fea854ac0ab61410971f9a6d5",
        "timestamp": "2021-12-13T09:52:22.830440"
      },
      {
        "sender": "70a49770efd647ad9b31fe55959e38b1",
        "timestamp": "2021-12-13T09:52:23.262209"
      },
      {
        "sender": "70a49770efd647ad9b31fe55959e38b1",
        "timestamp": "2021-12-13T09:52:23.293152"
      },
      {
        "sender": "70a49770efd647ad9b31fe55959e38b1",
        "timestamp": "2021-12-13T09:52:24.254440"
      },
      {
        "sender": "70a49770efd647ad9b31fe55959e38b1",
        "timestamp": "2021-12-13T09:52:24.613547"
      },
      {
        "sender": "47f7181fea854ac0ab61410971f9a6d5",
        "timestamp": "2021-12-13T09:52:24.858453"
      },
      {
        "sender": "2d6fd5c0e3184262bb7ad0bf3419e25c",
        "timestamp": "2021-12-13T09:52:25.138441"
      },
      {
        "sender": "47f7181fea854ac0ab61410971f9a6d5",
        "timestamp": "2021-12-13T09:52:25.251886"
      },
      {
        "sender": "2d6fd5c0e3184262bb7ad0bf3419e25c",
        "timestamp": "2021-12-13T09:52:25.729549"
      },
      {
        "sender": "2d6fd5c0e3184262bb7ad0bf3419e25c",
        "timestamp": "2021-12-13T09:52:25.776821"
      },
      {
        "sender": "70a49770efd647ad9b31fe55959e38b1",
        "timestamp": "2021-12-13T09:52:25.849539"
      },
      {
        "sender": "70a49770efd647ad9b31fe55959e38b1",
        "timestamp": "2021-12-13T09:52:26.052347"
      },
      {
        "sender": "a003aa280c7543959733de3b8dcc8143",
        "timestamp": "2021-12-13T09:52:26.526635"
      },
      {
        "sender": "a003aa280c7543959733de3b8dcc8143",
        "timestamp": "2021-12-13T09:52:26.727917"
      },
      {
        "sender": "a003aa280c7543959733de3b8dcc8143",
        "timestamp": "2021-12-13T09:52:27.494424"
      },
      {
        "sender": "2d6fd5c0e3184262bb7ad0bf3419e25c",
        "timestamp": "2021-12-13T09:52:27.578379"
      },
      {
        "sender": "2d6fd5c0e3184262bb7ad0bf3419e25c",
        "timestamp": "2021-12-13T09:52:28.044562"
      },
      {
        "sender": "2d6fd5c0e3184262bb7ad0bf3419e25c",
        "timestamp": "2021-12-13T09:52:28.202035"
      },
      {
        "sender": "2d6fd5c0e3184262bb7ad0bf3419e25c",
        "timestamp": "2021-12-13T09:52:28.404953"
      },
      {
        "sender": "2d6fd5c0e3184262bb7ad0bf3419e25c",
        "timestamp": "2021-12-13T09:52:28.682278"
      },
      {
        "sender": "70a49770efd647ad9b31fe55959e38b1",
        "timestamp": "2021-12-13T09:52:28.730493"
      },
      {
        "sender": "2d6fd5c0e3184262bb7ad0bf3419e25c",
        "timestamp": "2021-12-13T09:52:28.788475"
      },
      {
        "sender": "a003aa280c7543959733de3b8dcc8143",
        "timestamp": "2021-12-13T09:52:28.862144"
      },
      {
        "sender": "2d6fd5c0e3184262bb7ad0bf3419e25c",
        "timestamp": "2021-12-13T09:52:29.198476"
      },
      {
        "sender": "2d6fd5c0e3184262bb7ad0bf3419e25c",
        "timestamp": "2021-12-13T09:52:29.459791"
      },
      {
        "sender": "a003aa280c7543959733de3b8dcc8143",
        "timestamp": "2021-12-13T09:52:29.529100"
      },
      {
        "sender": "70a49770efd647ad9b31fe55959e38b1",
        "timestamp": "2021-12-13T09:52:29.577093"
      }
    ]
  }
]